run_name,Loss/train,Train/Avg_Loss,Val/AnyValid,Val/AnyValid_abinit,Val/Avg_Loss,Val/C2,Val/C2_abinit,Val/C3,Val/C3_abinit,lr,full_name,step,step/epoch
mamba_huge_uncond_all,0.22785897552967072,0.23178720474243164,0.9225000143051147,0.5966796875,24.653305053710938,0.3005000054836273,0.23681640625,0.6995000243186951,0.2255859375,3.0328201319207437e-06,mamba_huge_RAVEN_uncond_all-20240730-004038/tensorboard_logs,239414,95
mamba_big_uncond_heldout0,0.2541821300983429,0.22576740384101868,0.8889999985694885,0.5372721552848816,26.397144317626953,0.4884999990463257,0.17138671875,0.5115000009536743,0.1748046875,0.0,mamba_big_RAVEN_uncond_heldout0-20240726-153306/tensorboard_logs,216099,99
mamba_big_uncond_all,0.22721931338310242,0.23107969760894775,0.9116666913032532,0.5546875,26.78938865661621,0.35850000381469727,0.1796875,0.6414999961853027,0.21337890625,0.0,mamba_big_RAVEN_uncond_all-20240730-003500/tensorboard_logs,246899,99
Mamba_base_uncond_heldout0,0.279167503118515,0.27680566906929016,0.8665000200271606,0.4182942807674408,44.02598571777344,0.6140000224113464,0.1005859375,0.38600000739097595,0.04052734375,0.0,Mamba_base_RAVEN_uncond_heldout0-20240726-004710/tensorboard_logs,216099,99
mamba_medium_uncond_all,0.23361995816230774,0.23576107621192932,0.8956666588783264,0.5135090947151184,32.534549713134766,0.42800000309944153,0.15283203125,0.5720000267028809,0.1259765625,0.0,mamba_medium_RAVEN_uncond_all-20240729-022153/tensorboard_logs,246899,99
mamba_medium_uncond_heldout0,0.24979770183563232,0.22980651259422302,0.8791666626930237,0.48291015625,33.24981689453125,0.5525000095367432,0.12255859375,0.44749999046325684,0.11083984375,0.0,mamba_medium_RAVEN_uncond_heldout0-20240726-153805/tensorboard_logs,216099,99
